{
    "available_space": true,
    "id": "v",
    "size_max": 43.711647033691406,
    "size_mean": 9.75977146842263,
    "size_min": 1.7130260467529297,
    "total_size": 536.7874307632446
}